<annotation>
	<folder>grayscaleimages</folder>
	<filename>greysc_frame0786.jpg</filename>
	<path>G:\CarND\ObjectDetection\DL_Interview\grayscaleimages\greysc_frame0786.jpg</path>
	<source>
		<database>Unknown</database>
	</source>
	<size>
		<width>800</width>
		<height>600</height>
		<depth>1</depth>
	</size>
	<segmented>0</segmented>
	<object>
		<name>Green</name>
		<pose>Unspecified</pose>
		<truncated>0</truncated>
		<difficult>0</difficult>
		<bndbox>
			<xmin>468</xmin>
			<ymin>39</ymin>
			<xmax>494</xmax>
			<ymax>94</ymax>
		</bndbox>
	</object>
</annotation>
